{"insanely-fast-whisper": [3, 3.1798463640000003, "trending"], "youtube-dl": [350, 12.235019261000001, "trending"], "awesome-chatgpt-prompts-zh": [1, 3.2675689500000002, "trending"], "taxonomy": [15, 3.479666833, "trending"], "system-design": [1, 3.512832033, "trending"], "LLaVA": [11, 3.192790619, "trending"], "ui": [20, 3.534688313, "trending"], "gpt-pilot": [5, 3.3302335820000004, "trending"], "novu": [577, 14.482115735, "trending"], "hackingtool": [2, 3.3008138380000003, "trending"], "h2ogpt": [413, 10.797602730000001, "trending"], "devpod": [132, 6.848963746000001, "trending"], "lowcode-engine": [45, 4.230913617000001, "trending"], "npc_gzip": [4, 3.26886089, "trending"], "project-based-learning": [1, 3.47767929, "trending"], "generative-ai-for-beginners": [53, 4.363290022, "trending"], "stable-diffusion": [1, 3.229134639, "trending"], "civitai": [66, 4.412022007, "trending"], "Microsoft-Activation-Scripts": [16, 3.490644, "trending"], "facechain": [60, 4.042713234, "trending"], "qdrant": [268, 8.175300786000001, "trending"], "wenda": [2, 3.669843123, "trending"], "lobe-chat": [769, 19.129430550000002, "trending"], "vanna": [63, 4.117248319000001, "trending"], "ColossalAI": [66, 4.167980748000001, "trending"], "localsend": [27, 3.5642817260000004, "trending"], "openai-python": [166, 6.54514862, "trending"], "KernelSU": [43, 4.903121854, "trending"], "narrator": [2, 3.164829327, "trending"], "nushell": [100, 5.629117600000001, "trending"], "devops-exercises": [1, 3.436057087, "trending"], "vscode-chatgpt": [10, 3.211749139, "trending"], "Chat2DB": [11, 3.403303594, "trending"], "LocalAI": [80, 4.712837361, "trending"], "ChatGLM-Efficient-Tuning": [13, 3.5464493760000004, "trending"], "InvokeAI": [332, 9.758291851000001, "trending"], "PokemonRedExperiments": [9, 3.1715124500000003, "trending"], "dalai": [2, 3.2931982580000003, "trending"], "ml-stable-diffusion": [8, 3.4469022590000002, "trending"], "biome": [94, 5.504596205, "trending"], "chatgpt-on-wechat": [61, 4.20316367, "trending"], "Xray-core": [66, 5.543037233000001, "trending"], "mrsk": [55, 4.289030543, "trending"], "tabby": [169, 6.311438451000001, "trending"], "QAnything": [24, 3.437717038, "trending"], "invidious": [29, 3.4789010730000003, "trending"], "memos": [110, 5.285034067000001, "trending"], "hysteria": [74, 6.21964494, "trending"], "public-apis": [2, 3.5353015130000003, "trending"], "ComfyUI": [2, 3.3402463460000003, "trending"], "AI-For-Beginners": [8, 3.492181618, "trending"], "rails": [173, 6.612071318000001, "trending"], "v4-core": [109, 5.200272429, "trending"], "sing-box": [295, 12.194447993, "trending"], "system-design-primer": [2, 3.3273148150000003, "trending"], "anything-llm": [28, 3.428111163, "trending"], "ChatGPT-Next-Web": [81, 5.293632995, "trending"], "langchain-tutorials": [1, 3.1631330870000003, "trending"], "privateGPT": [14, 3.705480429, "trending"], "ChuanhuChatGPT": [35, 3.5355950640000002, "trending"], "Fay": [4, 3.460928211, "trending"], "Chinese-LLaMA-Alpaca-2": [10, 3.374851343, "trending"], "graphcast": [2, 3.312527326, "trending"], "v2ray-core": [112, 6.799290221000001, "trending"], "danswer": [45, 3.9067708960000003, "trending"], "AgentGPT": [174, 6.288169348, "trending"], "llama.cpp": [2311, 58.872545395, "trending"], "plane": [355, 9.837154733, "trending"], "dify": [123, 5.77616519, "trending"], "DB-GPT": [65, 4.321218535, "trending"], "incubator-answer": [48, 4.049774223, "trending"], "serenity": [1, 3.3338580120000003, "trending"], "flash-attention": [69, 4.923752115, "trending"], "Moore-AnimateAnyone": [1, 3.184749957, "trending"], "dioxus": [19, 3.643147088, "trending"], "svelte": [299, 9.139954184, "trending"], "clone-voice": [5, 3.239582673, "trending"], "backstage": [803, 19.226724962000002, "trending"], "30-Days-Of-Python": [4, 3.194458269, "trending"], "ijepa": [1, 3.2451028760000002, "trending"], "generative-models": [7, 3.5849575010000003, "trending"], "rinha-de-backend-2023-q3": [1, 3.3259346360000004, "trending"], "free-programming-books": [33, 3.8295179150000003, "trending"], "Ryujinx": [8, 3.375415432, "trending"], "MemGPT": [53, 4.163330535, "trending"], "maybe": [10, 3.407639827, "trending"], "everyone-can-use-english": [27, 3.8064393610000002, "trending"], "stanford_alpaca": [1, 3.234319494, "trending"], "crewAI": [57, 3.9919766990000003, "trending"], "alpaca-lora": [6, 3.1550892810000004, "trending"], "core-js": [246, 8.222429526, "trending"], "AFFiNE": [410, 14.553365340000001, "trending"], "FinGPT": [1, 3.241401697, "trending"], "bun": [515, 14.26500045, "trending"], "ToolBench": [3, 3.2759721180000003, "trending"], "text-generation-webui": [44, 4.024022198, "trending"], "screenshot-to-code": [15, 3.2134233180000003, "trending"], "ai-town": [20, 3.466590429, "trending"], "hyprdots": [8, 3.258626056, "trending"], "CodeEdit": [48, 3.669014932, "trending"], "Rope": [11, 3.349075988, "trending"], "localpilot": [1, 3.232460779, "trending"], "ML-For-Beginners": [6, 3.5110401130000004, "trending"], "quivr": [1080, 24.165970374, "trending"], "CasaOS": [92, 4.953547649, "trending"], "spotube": [37, 4.226955548, "trending"], "gpt4free-ts": [3, 3.3767171250000003, "trending"], "BetterChatGPT": [10, 3.4192066480000003, "trending"], "namada": [813, 18.017857009, "trending"], "MetaGPT": [43, 3.43169262, "trending"], "Open-Assistant": [168, 6.6421555230000004, "trending"], "wipeout-rewrite": [1, 3.243208676, "trending"], "system-design-101": [1, 3.337749511, "trending"], "Retrieval-based-Voice-Conversion-WebUI": [9, 3.317602207, "trending"], "ControlNet-v1-1-nightly": [1, 3.299793733, "trending"], "Mr.-Ranedeer-AI-Tutor": [8, 3.3812445010000003, "trending"], "whisper.cpp": [63, 4.182117822, "trending"], "ollama-webui": [41, 4.513328391, "trending"], "ChatALL": [120, 6.480907879, "trending"], "gpt-engineer": [54, 4.304209664, "trending"], "Stirling-PDF": [101, 5.0750217730000005, "trending"], "chatbot-ui": [8, 3.19339647, "trending"], "organicmaps": [226, 7.031950632, "trending"], "996.ICU": [1, 3.183607797, "trending"], "comprehensive-rust": [18, 3.488147971, "trending"], "cal.com": [1075, 24.886176253000002, "trending"], "Auto-GPT": [59, 4.386487594, "trending"], "nas-tools": [2, 3.2724762660000004, "trending"], "chathub": [19, 3.318606103, "trending"], "opentofu": [98, 5.360146546, "trending"], "ControlNet": [1, 3.2917890630000004, "trending"], "Flowise": [400, 10.407303310000001, "trending"], "chatgpt-web-midjourney-proxy": [77, 4.607821883000001, "trending"], "hello-algo": [14, 3.469695525, "trending"], "servo": [116, 5.115486791, "trending"], "javascript": [5, 3.4219485030000003, "trending"], "ollama": [222, 7.9280894140000004, "trending"], "LibreChat": [63, 4.125294673, "trending"], "kohya_ss": [171, 6.693926114000001, "trending"], "fairseq": [93, 4.630490237, "trending"], "awesome-chatgpt-prompts": [1, 3.3205301090000003, "trending"], "yt-dlp": [87, 5.5625273470000005, "trending"], "one-api": [57, 4.398791287, "trending"], "FastGPT": [70, 4.70316886, "trending"], "Fooocus": [26, 3.468523974, "trending"], "tech-interview-handbook": [3, 3.204415345, "trending"], "so-vits-svc-fork": [211, 7.978859722, "trending"], "TTS": [178, 6.919927835, "trending"], "lx-music-desktop": [111, 5.992790176000001, "trending"], "platforms": [3, 3.3305671360000004, "trending"], "PhotoMaker": [1, 3.263515415, "trending"], "audiocraft": [16, 3.381472044, "trending"], "eShop": [17, 3.442945882, "trending"], "WizardLM": [8, 3.2113200130000004, "trending"], "AppFlowy": [98, 5.341646717000001, "trending"], "chatgpt-web": [46, 3.8545787000000002, "trending"], "weekly": [1, 3.2099409850000002, "trending"], "TinyLlama": [13, 3.206004978, "trending"], "manifesto": [34, 4.030389308, "trending"], "Feishu-OpenAI": [32, 3.568063072, "trending"], "picoGPT": [1, 3.241806538, "trending"], "dub": [47, 3.974268588, "trending"], "ChatGLM-6B": [5, 3.2578548310000004, "trending"], "v2rayN": [180, 6.781682233000001, "trending"], "pr-agent": [94, 4.496714175, "trending"],