{"kohya_ss": [333, 6.149273872, "trending"], "qdrant": [479, 7.587065679, "trending"], "data-engineering-zoomcamp": [8, 3.2705682570000003, "trending"], "weekly": [3328, 3.238594682, "trending"], "30-Days-Of-Python": [152, 3.264650774, "trending"], "ML-For-Beginners": [17, 3.7624553570000003, "trending"], "whisper.cpp": [618, 4.154499037, "trending"], "Ryujinx": [830, 3.308689803, "trending"], "crewAI": [253, 4.042483737, "trending"], "ControlNet-v1-1-nightly": [54, 3.259032406, "trending"], "AgentGPT": [338, 6.600420346000001, "trending"], "ollama-webui": [128, 3.71774956, "trending"], "bevy": [2099, 3.584146515, "trending"], "mrsk": [124, 3.9980926950000004, "trending"], "awesome-chatgpt-prompts-zh": [39, 3.318572526, "trending"], "bun": [3267, 13.669202926, "trending"], "chatbot-ui": [99, 3.405853775, "trending"], "one-api": [522, 4.278319043000001, "trending"], "nas-tools": [2, 3.331086596, "trending"], "alpaca-lora": [373, 3.505891541, "trending"], "coding-interview-university": [58, 3.3429647090000003, "trending"], "video-retalking": [171, 3.348955344, "trending"], "gpt-crawler": [99, 3.4358465450000004, "trending"], "AFFiNE": [463, 13.711496521, "trending"], "sing-box": [320, 11.036155195000001, "trending"], "DeepSpeed": [1740, 17.743258865, "trending"], "awesome-chatgpt-prompts": [285, 3.3288980560000003, "trending"], "DeepFaceLive": [38, 4.033112351000001, "trending"], "ColossalAI": [477, 4.176778105, "trending"], "Microsoft-Activation-Scripts": [20, 3.4195533240000002, "trending"], "appwrite": [1112, 10.030643179, "trending"], "svelte": [1035, 7.293154702000001, "trending"], "LibreChat": [125, 4.321489408000001, "trending"], "gitness": [212, 4.401358639000001, "trending"], "everyone-can-use-english": [53, 3.5295240640000003, "trending"], "public-apis": [252, 3.3280595070000003, "trending"], "developer": [84, 3.452045103, "trending"], "organicmaps": [2386, 7.422461721, "trending"], "ui": [1081, 3.759052338, "trending"], "Fooocus": [221, 3.6211491400000004, "trending"], "ChatPaper": [83, 3.348232287, "trending"], "guidance": [238, 4.414925541000001, "trending"], "wenda": [52, 3.5287527470000004, "trending"], "atproto": [608, 10.717386231, "trending"], "ChatALL": [296, 6.319981084, "trending"], "privateGPT": [210, 3.623402714, "trending"], "ijepa": [31, 3.243062199, "trending"], "localpilot": [25, 3.3025153730000003, "trending"], "maybe": [14, 3.3863975600000003, "trending"], "so-vits-svc": [42, 3.404545959, "trending"], "tinygrad": [193, 4.284437921, "trending"], "hysteria": [212, 4.783197225, "trending"], "ChatGPT-Next-Web": [301, 4.861869547, "trending"], "civitai": [119, 3.9665338130000003, "trending"], "DB-GPT": [203, 4.4344858050000004, "trending"], "lemmy": [1230, 21.783576738, "trending"], "plane": [648, 8.79040771, "trending"], "mm-cot": [47, 3.390402909, "trending"], "commerce": [38, 3.561755461, "trending"], "stable-diffusion": [574, 3.251116226, "trending"], "generative-ai-for-beginners": [81, 4.257097988, "trending"], "wipeout-rewrite": [43, 3.1935651480000002, "trending"], "devpod": [170, 5.337686221, "trending"], "localsend": [361, 3.506813127, "trending"], "FinGPT": [67, 3.394322772, "trending"], "DevOpsGPT": [24, 3.4127574870000004, "trending"], "TTS": [247, 7.123276949, "trending"], "lobe-chat": [831, 15.164889098000002, "trending"], "v4-core": [134, 4.676984656, "trending"], "CasaOS": [455, 5.1759135810000005, "trending"], "opentofu": [272, 4.863282658, "trending"], "Moore-AnimateAnyone": [68, 3.2652178640000002, "trending"], "KernelSU": [53, 5.16543623, "trending"], "MemGPT": [246, 3.709168818, "trending"], "NvChad": [5, 3.8024615760000002, "trending"], "hello-algo": [35, 3.397500945, "trending"], "memos": [145, 5.286482096, "trending"], "taxonomy": [197, 3.492674458, "trending"], "dioxus": [254, 3.66564727, "trending"], "quivr": [1110, 22.610293744, "trending"], "langchain": [2389, 22.430422025000002, "trending"], "ChatGLM-Efficient-Tuning": [13, 4.369862632, "trending"], "vanna": [111, 4.263125835, "trending"], "generative-models": [254, 3.5861268120000003, "trending"], "novu": [855, 13.330679093, "trending"], "Retrieval-based-Voice-Conversion-WebUI": [796, 3.616643342, "trending"], "ChatDev": [45, 3.459646368, "trending"], "v2rayN": [189, 7.163501849, "trending"], "project-based-learning": [115, 3.4175709980000004, "trending"], "ChatGLM-6B": [582, 3.406032895, "trending"], "text-generation-webui": [256, 4.239049888, "trending"], "vscode-chatgpt": [12, 3.338669605, "trending"], "CodeEdit": [230, 3.8134301660000003, "trending"], "free-programming-books": [73, 3.8630769860000003, "trending"], "tabby": [242, 5.4329793330000005, "trending"], "lx-music-desktop": [683, 6.265574703, "trending"], "spotube": [352, 3.7283389220000003, "trending"], "chathub": [297, 3.402538496, "trending"], "PokemonRedExperiments": [70, 3.194502882, "trending"], "langchain-ChatGLM": [389, 3.7993353180000002, "trending"], "ali-dbhub": [88, 3.3302991690000003, "trending"], "so-vits-svc-fork": [346, 7.152177324, "trending"], "system-design": [4, 3.5244565980000004, "trending"], "Auto-GPT": [246, 3.7290719190000003, "trending"], "neuralangelo": [85, 3.6044507670000003, "trending"], "dify": [234, 5.708580801, "trending"], "chatgpt-web-midjourney-proxy": [75, 4.126363961, "trending"], "ToolBench": [78, 3.298891676, "trending"], "llama.cpp": [2430, 51.244774698, "trending"], "Open-Assistant": [454, 7.1236037450000005, "trending"], "servo": [3389, 5.640805547, "trending"], "PhotoMaker": [103, 3.2825390740000002, "trending"], "comprehensive-rust": [149, 3.4163447390000004, "trending"], "Stirling-PDF": [249, 5.217433957, "trending"], "WizardLM": [165, 3.363602213, "trending"], "Baichuan-7B": [86, 3.3965621620000004, "trending"], "anything-llm": [114, 3.405243854, "trending"], "tldraw": [889, 11.762952339, "trending"], "Reactive-Resume": [489, 4.978993652000001, "trending"], "stanford_alpaca": [189, 3.278172892, "trending"], "invidious": [488, 3.500447095, "trending"], "Chat2DB": [379, 4.497567923, "trending"], "facechain": [127, 4.084653392, "trending"], "nushell": [1412, 5.373783386, "trending"], "manifesto": [54, 4.156231992, "trending"], "gpt4free-ts": [51, 3.512207897, "trending"], "tech-interview-handbook": [40, 3.386020985, "trending"], "backstage": [1353, 18.510549472, "trending"], "insanely-fast-whisper": [60, 3.293156305, "trending"], "gpt-pilot": [320, 4.097165207000001, "trending"], "serenity": [787, 3.382767723, "trending"], "picoGPT": [11, 3.324976583, "trending"], "nextui": [1560, 28.100550249, "trending"], "ai-town": [58, 3.48630705, "trending"], "screenshot-to-code": [107, 3.245872576, "trending"], "yt-dlp": [1539, 5.9729979900000005, "trending"], "gpt-engineer": [74, 3.9629081330000004, "trending"], "narrator": [31, 3.214329261, "trending"], "seamless_communication": [193, 3.6815531200000002, "trending"], "v2rayNG": [199, 7.229107557000001, "trending"], "Bert-VITS2": [19, 3.564941648, "trending"], "rails": [1375, 7.183077685000001, "trending"], "youtube-dl": [4584, 11.749591032000001, "trending"], "biome": [214, 4.678095196, "trending"], "javascript": [170, 3.39229174, "trending"], "lowcode-engine": [587, 4.2154225180000005, "trending"], "reflex": [511, 6.514794538, "trending"], "clash-verge": [294, 4.499282216, "trending"], "AI-For-Beginners": [86, 3.674364713, "trending"], "BetterChatGPT": [223, 3.464504406, "trending"], "chatgpt-web": [51, 4.1699023760000005, "trending"], "ComfyUI": [1503, 3.3521181820000003, "trending"], "pr-agent": [114, 4.795440175, "trending"], "eShop": [86, 3.388562235, "trending"], "openai-python": [161, 5.637362459, "trending"], "The-Art-of-Linear-Algebra": [2, 3.2317930030000004, "trending"], "core-js": [283, 7.811271961, "trending"], "spacedrive": [143, 4.514998257, "trending"], "system-design-primer": [423, 3.3755888420000004, "trending"], "dspy": [311, 5.122560144, "trending"], "system-design-101": [39, 3.3443792090000004, "trending"], "npc_gzip": [14, 3.3943164880000003, "trending"],