{"langchain-ChatGLM": [389, 4.0032604460000005, "trending"], "chatgpt-web-midjourney-proxy": [75, 4.133844804000001, "trending"], "ChuanhuChatGPT": [134, 3.674319462, "trending"], "youtube-dl": [4585, 12.385839709, "trending"], "whatsapp-web.js": [226, 5.31687139, "trending"], "lobe-chat": [832, 14.529863385, "trending"], "appwrite": [1111, 10.075040020000001, "trending"], "v2rayNG": [199, 6.8260147170000005, "trending"], "gaussian-splatting": [297, 3.351495723, "trending"], "documenso": [220, 5.810200236, "trending"], "novu": [855, 13.495677922, "trending"], "AppFlowy": [798, 6.124943112, "trending"], "so-vits-svc": [42, 3.428619367, "trending"], "AnimatedDrawings": [12, 3.4702426820000003, "trending"], "weekly": [3328, 3.1360016, "trending"], "crewAI": [253, 4.084866760000001, "trending"], "backstage": [1353, 18.234363856, "trending"], "mm-cot": [47, 3.3359443910000004, "trending"], "oeg-software-graph": [3, 3.334258021, "expected"], "zenodraft": [38, 3.4660286850000004, "expected"], "wolf-sheep": [4, 3.3941817230000004, "expected"], "howfairis": [101, 3.4275628350000003, "expected"], "grainLearning": [27, 3.843635433, "expected"], "machine-learning": [2, 3.5593758990000004, "expected"]}