{"LLaVA": [837, 3.532988533, "trending"], "Feishu-OpenAI": [117, 3.813297604, "trending"], "quivr": [1148, 27.605815886000002, "trending"], "ai-town": [66, 3.771021478, "trending"], "servo": [3295, 5.773291295, "trending"], "NvChad": [5, 3.5426040100000002, "trending"], "ChatGLM-6B": [586, 3.5445009510000003, "trending"], "InvokeAI": [729, 10.571244290000001, "trending"], "tech-interview-handbook": [41, 3.5052944910000003, "trending"], "public-apis": [263, 4.0925472560000005, "trending"], "core-js": [279, 8.311794455000001, "trending"], "privateGPT": [254, 3.818559247, "trending"], "Chinese-LLaMA-Alpaca-2": [21, 3.5193963040000003, "trending"], "expo": [1146, 15.362737222000002, "trending"], "Flowise": [696, 11.602812755, "trending"], "text-generation-webui": [273, 4.617563871000001, "trending"], "ChatPaper": [83, 3.458740928, "trending"], "localsend": [390, 3.910059382, "trending"], "Open-Assistant": [456, 7.381192893000001, "trending"], "clone-voice": [13, 3.542381196, "trending"], "narrator": [32, 3.409856115, "trending"], "project-based-learning": [130, 3.4570384680000004, "trending"], "30-Days-Of-Python": [167, 3.429960449, "trending"], "incubator-answer": [137, 4.672741223, "trending"], "stable-diffusion-webui": [2159, 3.9228014790000003, "trending"], "ui": [1200, 3.904802301, "trending"], "awesome-english-ebooks": [1, 3.8713803490000003, "trending"], "plane": [697, 11.44280385, "trending"], "996.ICU": [8, 3.4376122000000002, "trending"], "gpt-pilot": [237, 4.307749868, "trending"], "langchain-ChatGLM": [141, 3.99264563, "trending"], "LocalAI": [357, 5.554534369000001, "trending"], "free-programming-books": [74, 4.2672818040000005, "trending"], "PhotoMaker": [105, 3.4548132270000003, "trending"], "ComfyUI": [1634, 3.7430466790000003, "trending"], "godot": [12513, 5.027509983000001, "trending"], "dify": [365, 6.279760267, "trending"], "picoGPT": [11, 3.588714153, "trending"], "neuralangelo": [91, 3.7541843220000004, "trending"], "AgentGPT": [348, 7.428219776000001, "trending"], "CasaOS": [476, 5.365035647, "trending"], "chatgpt-web": [49, 4.193503811, "trending"], "h2ogpt": [778, 15.468819136, "trending"], "chatgpt-web-midjourney-proxy": [82, 4.372735128, "trending"], "ColossalAI": [473, 4.667607749, "trending"], "system-design-101": [41, 3.5827077230000004, "trending"], "hysteria": [206, 5.399847456000001, "trending"], "npc_gzip": [14, 3.52510199, "trending"], "AnimatedDrawings": [17, 3.582885828, "trending"], "Chat2DB": [423, 4.7222219050000005, "trending"], "hackingtool": [46, 3.3635978850000003, "trending"], "system-design": [3, 3.991595809, "trending"], "platforms": [44, 3.607849771, "trending"], "ml-stable-diffusion": [169, 3.6477516800000003, "trending"], "mm-cot": [47, 3.548699386, "trending"], "invidious": [504, 3.752005295, "trending"], "mrsk": [114, 4.101732872, "trending"], "WizardLM": [171, 3.465180929, "trending"], "novu": [817, 15.675281507000001, "trending"], "javascript": [169, 3.642339724, "trending"], "system-design-primer": [428, 3.86353888, "trending"], "BetterChatGPT": [230, 3.54648324, "trending"], "Baichuan-7B": [90, 3.5481638820000003, "trending"], "PokemonRedExperiments": [71, 3.438354196, "trending"], "vanna": [118, 4.444916358, "trending"], "vscode-chatgpt": [12, 3.5826790290000003, "trending"], "opentofu": [283, 5.717244562, "trending"], "gpt-engineer": [61, 4.624377347, "trending"], "MemGPT": [265, 5.885259229000001, "trending"], "appwrite": [1064, 11.06305189, "trending"], "Fay": [76, 3.545823248, "trending"], "pr-agent": [114, 5.203215428, "trending"], "awesome-chatgpt-prompts-zh": [38, 3.5421092580000004, "trending"], "whisper.cpp": [657, 4.425241215000001, "trending"], "organicmaps": [2460, 8.205695157000001, "trending"], "llama.cpp": [2576, 56.429322675, "trending"], "tinygrad": [236, 4.984378154000001, "trending"], "svelte": [1113, 9.180105576, "trending"], "taxonomy": [202, 3.6412235460000004, "trending"], "screenshot-to-code": [113, 3.4917506950000003, "trending"], "youtube-dl": [4582, 13.108041865, "trending"], "JavaScript": [92, 3.5448220700000004, "trending"], "developer": [84, 3.4731474270000002, "trending"], "v4-core": [151, 5.642211924000001, "trending"], "devops-exercises": [37, 3.463702297, "trending"], "wipeout-rewrite": [41, 3.4398372160000004, "trending"], "ToolBench": [87, 3.615084141, "trending"], "AppFlowy": [793, 5.291785721, "trending"], "video-retalking": [176, 3.6481733710000004, "trending"], "maybe": [31, 3.6665201850000004, "trending"], "langchain": [2302, 28.04787474, "trending"], "DevOpsGPT": [24, 3.553115206, "trending"], "AI-For-Beginners": [91, 3.9270902170000004, "trending"], "qdrant": [480, 8.798245822, "trending"], "sing-box": [346, 12.574405245000001, "trending"], "openai-python": [194, 6.226173621, "trending"], "nas-tools": [2, 3.4706118270000004, "trending"], "atproto": [649, 13.314200918000001, "trending"], "audiocraft": [286, 3.59452989, "trending"], "lx-music-desktop": [721, 6.275498863, "trending"], "everyone-can-use-english": [44, 3.61852462, "trending"], "so-vits-svc-fork": [341, 7.764811323000001, "trending"], "ChuanhuChatGPT": [151, 3.922182718, "trending"], "ali-dbhub": [88, 3.4814835910000004, "trending"], "kohya_ss": [254, 6.9703841550000005, "trending"], "lobe-chat": [959, 17.516880001, "trending"], "eShop": [87, 3.6610040030000004, "trending"], "backstage": [1266, 20.677502891, "trending"], "ChatGLM-Efficient-Tuning": [13, 3.555564153, "trending"], "lemmy": [1250, 27.748748523000003, "trending"], "hello-algo": [37, 3.812333068, "trending"], "Fooocus": [226, 3.676052368, "trending"], "Ryujinx": [879, 3.5621533320000003, "trending"], "nekoray": [393, 5.217375181, "trending"], "civitai": [120, 4.393701239, "trending"], "ChatDev": [29, 3.548592686, "trending"], "bun": [3630, 14.616846870000002, "trending"], "generative-ai-for-beginners": [83, 4.691023673, "trending"], "ollama-webui": [185, 4.176534752, "trending"], "weekly": [3511, 3.300539162, "trending"], "ControlNet-v1-1-nightly": [56, 3.4690100810000004, "trending"], "guidance": [268, 4.74934727, "trending"], "seamless_communication": [204, 3.824159643, "trending"], "langchain-tutorials": [14, 3.5115181470000003, "trending"], "nextui": [1810, 35.172203311000004, "trending"], "MetaGPT": [329, 3.8460563860000003, "trending"], "gitness": [213, 5.357041047, "trending"], "dioxus": [286, 3.7960672890000002, "trending"], "gaussian-splatting": [331, 3.4600963670000002, "trending"], "hyprdots": [97, 3.55314583, "trending"], "ML-For-Beginners": [18, 4.0317249980000005, "trending"], "chathub": [312, 3.7302416020000004, "trending"], "ChatALL": [298, 7.722147623000001, "trending"], "ControlNet": [415, 3.474767851, "trending"], "cal.com": [1770, 28.923486187, "trending"], "TinyLlama": [40, 3.644598123, "trending"], "Stirling-PDF": [261, 5.210856282, "trending"], "anything-llm": [155, 3.6653790940000004, "trending"], "The-Art-of-Linear-Algebra": [2, 3.4364263360000002, "trending"], "dub": [202, 5.313798869, "trending"], "chatbot-ui": [122, 3.412354439, "trending"], "fairseq": [1334, 5.2706176220000005, "trending"], "data-engineering-zoomcamp": [7, 3.416970166, "trending"], "Auto-GPT": [227, 4.237978497, "trending"], "DB-GPT": [196, 4.680395367, "trending"], "ChatGPT-Next-Web": [349, 5.021428889, "trending"], "tldraw": [914, 15.719562436, "trending"], "Microsoft-Activation-Scripts": [17, 3.7265435510000002, "trending"], "llama": [377, 3.8661781520000003, "trending"], "Rope": [20, 3.601337609, "trending"], "one-api": [578, 4.421453008, "trending"], "generative-models": [266, 3.6597778830000003, "trending"], "CodeEdit": [243, 3.9599390120000004, "trending"], "v2rayNG": [184, 7.428861725000001, "trending"], "DeepSpeed": [1799, 25.481476172, "trending"], "serenity": [809, 3.9214749780000004, "trending"], "biome": [245, 5.218653187, "trending"], "devpod": [159, 6.599535209000001, "trending"], "comprehensive-rust": [156, 3.6706461590000004, "trending"], "TTS": [257, 7.897788727000001, "trending"],